"algo","PPV","value","HLA"
"mhcflurry_affinity_percentile",0.5,2,"A01:01"
"mhcflurry_presentation_score",0.5,0.180457911557688,"A01:01"
"MixMHCpred",0.5,2,"A01:01"
"netMHC_affinity",0.5,2,"A01:01"
"netMHCpan_EL_affinity",0.5,2,"A01:01"
"netstab_affinity",0.5,2,"A01:01"
"pickpocket_affinity",0.5,0.425625189808507,"A01:01"
"mhcflurry_affinity_percentile",0.5,2,"A02:01"
"mhcflurry_presentation_score",0.5,0.180457911557688,"A02:01"
"MixMHCpred",0.5,2,"A02:01"
"netMHC_affinity",0.5,2,"A02:01"
"netMHCpan_EL_affinity",0.5,2,"A02:01"
"netstab_affinity",0.5,2,"A02:01"
"pickpocket_affinity",0.5,0.425625189808507,"A02:01"
"mhcflurry_affinity_percentile",0.5,2,"A02:02"
"mhcflurry_presentation_score",0.5,0.180457911557688,"A02:02"
"MixMHCpred",0.5,2,"A02:02"
"netMHC_affinity",0.5,2,"A02:02"
"netMHCpan_EL_affinity",0.5,2,"A02:02"
"netstab_affinity",0.5,2,"A02:02"
"pickpocket_affinity",0.5,0.425625189808507,"A02:02"
"mhcflurry_affinity_percentile",0.5,2,"A02:03"
"mhcflurry_presentation_score",0.5,0.180457911557688,"A02:03"
"MixMHCpred",0.5,2,"A02:03"
"netMHC_affinity",0.5,2,"A02:03"
"netMHCpan_EL_affinity",0.5,2,"A02:03"
"netstab_affinity",0.5,2,"A02:03"
"pickpocket_affinity",0.5,0.425625189808507,"A02:03"
"mhcflurry_affinity_percentile",0.5,2,"A02:05"
"mhcflurry_presentation_score",0.5,0.180457911557688,"A02:05"
"MixMHCpred",0.5,2,"A02:05"
"netMHC_affinity",0.5,2,"A02:05"
"netMHCpan_EL_affinity",0.5,2,"A02:05"
"netstab_affinity",0.5,2,"A02:05"
"pickpocket_affinity",0.5,0.425625189808507,"A02:05"
"mhcflurry_affinity_percentile",0.5,2,"A02:06"
"mhcflurry_presentation_score",0.5,0.180457911557688,"A02:06"
"MixMHCpred",0.5,2,"A02:06"
"netMHC_affinity",0.5,2,"A02:06"
"netMHCpan_EL_affinity",0.5,2,"A02:06"
"netstab_affinity",0.5,2,"A02:06"
"pickpocket_affinity",0.5,0.425625189808507,"A02:06"
"mhcflurry_affinity_percentile",0.5,2,"A02:07"
"mhcflurry_presentation_score",0.5,0.180457911557688,"A02:07"
"MixMHCpred",0.5,2,"A02:07"
"netMHC_affinity",0.5,2,"A02:07"
"netMHCpan_EL_affinity",0.5,2,"A02:07"
"netstab_affinity",0.5,2,"A02:07"
"pickpocket_affinity",0.5,0.425625189808507,"A02:07"
"mhcflurry_affinity_percentile",0.5,2,"A02:11"
"mhcflurry_presentation_score",0.5,0.180457911557688,"A02:11"
"MixMHCpred",0.5,2,"A02:11"
"netMHC_affinity",0.5,2,"A02:11"
"netMHCpan_EL_affinity",0.5,2,"A02:11"
"netstab_affinity",0.5,2,"A02:11"
"pickpocket_affinity",0.5,0.425625189808507,"A02:11"
"mhcflurry_affinity_percentile",0.5,2,"A03:01"
"mhcflurry_presentation_score",0.5,0.180457911557688,"A03:01"
"MixMHCpred",0.5,2,"A03:01"
"netMHC_affinity",0.5,2,"A03:01"
"netMHCpan_EL_affinity",0.5,2,"A03:01"
"netstab_affinity",0.5,2,"A03:01"
"pickpocket_affinity",0.5,0.425625189808507,"A03:01"
"mhcflurry_affinity_percentile",0.5,2,"A11:01"
"mhcflurry_presentation_score",0.5,0.180457911557688,"A11:01"
"MixMHCpred",0.5,2,"A11:01"
"netMHC_affinity",0.5,2,"A11:01"
"netMHCpan_EL_affinity",0.5,2,"A11:01"
"netstab_affinity",0.5,2,"A11:01"
"pickpocket_affinity",0.5,0.425625189808507,"A11:01"
"mhcflurry_affinity_percentile",0.5,2,"A23:01"
"mhcflurry_presentation_score",0.5,0.180457911557688,"A23:01"
"MixMHCpred",0.5,2,"A23:01"
"netMHC_affinity",0.5,2,"A23:01"
"netMHCpan_EL_affinity",0.5,2,"A23:01"
"netstab_affinity",0.5,2,"A23:01"
"pickpocket_affinity",0.5,0.425625189808507,"A23:01"
"mhcflurry_affinity_percentile",0.5,2,"A24:02"
"mhcflurry_presentation_score",0.5,0.180457911557688,"A24:02"
"MixMHCpred",0.5,2,"A24:02"
"netMHC_affinity",0.5,2,"A24:02"
"netMHCpan_EL_affinity",0.5,2,"A24:02"
"netstab_affinity",0.5,2,"A24:02"
"pickpocket_affinity",0.5,0.425625189808507,"A24:02"
"mhcflurry_affinity_percentile",0.5,2,"A25:01"
"mhcflurry_presentation_score",0.5,0.180457911557688,"A25:01"
"MixMHCpred",0.5,2,"A25:01"
"netMHC_affinity",0.5,2,"A25:01"
"netMHCpan_EL_affinity",0.5,2,"A25:01"
"netstab_affinity",0.5,2,"A25:01"
"pickpocket_affinity",0.5,0.425625189808507,"A25:01"
"mhcflurry_affinity_percentile",0.5,2,"A26:01"
"mhcflurry_presentation_score",0.5,0.180457911557688,"A26:01"
"MixMHCpred",0.5,2,"A26:01"
"netMHC_affinity",0.5,2,"A26:01"
"netMHCpan_EL_affinity",0.5,2,"A26:01"
"netstab_affinity",0.5,2,"A26:01"
"pickpocket_affinity",0.5,0.425625189808507,"A26:01"
"mhcflurry_affinity_percentile",0.5,2,"A29:02"
"mhcflurry_presentation_score",0.5,0.180457911557688,"A29:02"
"MixMHCpred",0.5,2,"A29:02"
"netMHC_affinity",0.5,2,"A29:02"
"netMHCpan_EL_affinity",0.5,2,"A29:02"
"netstab_affinity",0.5,2,"A29:02"
"pickpocket_affinity",0.5,0.425625189808507,"A29:02"
"mhcflurry_affinity_percentile",0.5,2,"A30:01"
"mhcflurry_presentation_score",0.5,0.180457911557688,"A30:01"
"MixMHCpred",0.5,2,"A30:01"
"netMHC_affinity",0.5,2,"A30:01"
"netMHCpan_EL_affinity",0.5,2,"A30:01"
"netstab_affinity",0.5,2,"A30:01"
"pickpocket_affinity",0.5,0.425625189808507,"A30:01"
"mhcflurry_affinity_percentile",0.5,2,"A30:02"
"mhcflurry_presentation_score",0.5,0.180457911557688,"A30:02"
"MixMHCpred",0.5,2,"A30:02"
"netMHC_affinity",0.5,2,"A30:02"
"netMHCpan_EL_affinity",0.5,2,"A30:02"
"netstab_affinity",0.5,2,"A30:02"
"pickpocket_affinity",0.5,0.425625189808507,"A30:02"
"mhcflurry_affinity_percentile",0.5,2,"A31:01"
"mhcflurry_presentation_score",0.5,0.180457911557688,"A31:01"
"MixMHCpred",0.5,2,"A31:01"
"netMHC_affinity",0.5,2,"A31:01"
"netMHCpan_EL_affinity",0.5,2,"A31:01"
"netstab_affinity",0.5,2,"A31:01"
"pickpocket_affinity",0.5,0.425625189808507,"A31:01"
"mhcflurry_affinity_percentile",0.5,2,"A32:01"
"mhcflurry_presentation_score",0.5,0.180457911557688,"A32:01"
"MixMHCpred",0.5,2,"A32:01"
"netMHC_affinity",0.5,2,"A32:01"
"netMHCpan_EL_affinity",0.5,2,"A32:01"
"netstab_affinity",0.5,2,"A32:01"
"pickpocket_affinity",0.5,0.425625189808507,"A32:01"
"mhcflurry_affinity_percentile",0.5,2,"A66:01"
"mhcflurry_presentation_score",0.5,0.180457911557688,"A66:01"
"MixMHCpred",0.5,2,"A66:01"
"netMHC_affinity",0.5,2,"A66:01"
"netMHCpan_EL_affinity",0.5,2,"A66:01"
"netstab_affinity",0.5,2,"A66:01"
"pickpocket_affinity",0.5,0.425625189808507,"A66:01"
"mhcflurry_affinity_percentile",0.5,2,"A68:01"
"mhcflurry_presentation_score",0.5,0.180457911557688,"A68:01"
"MixMHCpred",0.5,2,"A68:01"
"netMHC_affinity",0.5,2,"A68:01"
"netMHCpan_EL_affinity",0.5,2,"A68:01"
"netstab_affinity",0.5,2,"A68:01"
"pickpocket_affinity",0.5,0.425625189808507,"A68:01"
"mhcflurry_affinity_percentile",0.5,2,"A68:02"
"mhcflurry_presentation_score",0.5,0.180457911557688,"A68:02"
"MixMHCpred",0.5,2,"A68:02"
"netMHC_affinity",0.5,2,"A68:02"
"netMHCpan_EL_affinity",0.5,2,"A68:02"
"netstab_affinity",0.5,2,"A68:02"
"pickpocket_affinity",0.5,0.425625189808507,"A68:02"
"mhcflurry_affinity_percentile",0.5,2,"B07:02"
"mhcflurry_presentation_score",0.5,0.180457911557688,"B07:02"
"MixMHCpred",0.5,2,"B07:02"
"netMHC_affinity",0.5,2,"B07:02"
"netMHCpan_EL_affinity",0.5,2,"B07:02"
"netstab_affinity",0.5,2,"B07:02"
"pickpocket_affinity",0.5,0.425625189808507,"B07:02"
"mhcflurry_affinity_percentile",0.5,2,"B08:01"
"mhcflurry_presentation_score",0.5,0.180457911557688,"B08:01"
"MixMHCpred",0.5,2,"B08:01"
"netMHC_affinity",0.5,2,"B08:01"
"netMHCpan_EL_affinity",0.5,2,"B08:01"
"netstab_affinity",0.5,2,"B08:01"
"pickpocket_affinity",0.5,0.425625189808507,"B08:01"
"mhcflurry_affinity_percentile",0.5,2,"B15:01"
"mhcflurry_presentation_score",0.5,0.180457911557688,"B15:01"
"MixMHCpred",0.5,2,"B15:01"
"netMHC_affinity",0.5,2,"B15:01"
"netMHCpan_EL_affinity",0.5,2,"B15:01"
"netstab_affinity",0.5,2,"B15:01"
"pickpocket_affinity",0.5,0.425625189808507,"B15:01"
"mhcflurry_affinity_percentile",0.5,2,"B15:02"
"mhcflurry_presentation_score",0.5,0.180457911557688,"B15:02"
"MixMHCpred",0.5,2,"B15:02"
"netMHC_affinity",0.5,2,"B15:02"
"netMHCpan_EL_affinity",0.5,2,"B15:02"
"netstab_affinity",0.5,2,"B15:02"
"pickpocket_affinity",0.5,0.425625189808507,"B15:02"
"mhcflurry_affinity_percentile",0.5,2,"B15:03"
"mhcflurry_presentation_score",0.5,0.180457911557688,"B15:03"
"MixMHCpred",0.5,2,"B15:03"
"netMHC_affinity",0.5,2,"B15:03"
"netMHCpan_EL_affinity",0.5,2,"B15:03"
"netstab_affinity",0.5,2,"B15:03"
"pickpocket_affinity",0.5,0.425625189808507,"B15:03"
"mhcflurry_affinity_percentile",0.5,2,"B15:17"
"mhcflurry_presentation_score",0.5,0.180457911557688,"B15:17"
"MixMHCpred",0.5,2,"B15:17"
"netMHC_affinity",0.5,2,"B15:17"
"netMHCpan_EL_affinity",0.5,2,"B15:17"
"netstab_affinity",0.5,2,"B15:17"
"pickpocket_affinity",0.5,0.425625189808507,"B15:17"
"mhcflurry_affinity_percentile",0.5,2,"B27:05"
"mhcflurry_presentation_score",0.5,0.180457911557688,"B27:05"
"MixMHCpred",0.5,2,"B27:05"
"netMHC_affinity",0.5,2,"B27:05"
"netMHCpan_EL_affinity",0.5,2,"B27:05"
"netstab_affinity",0.5,2,"B27:05"
"pickpocket_affinity",0.5,0.425625189808507,"B27:05"
"mhcflurry_affinity_percentile",0.5,2,"B35:01"
"mhcflurry_presentation_score",0.5,0.180457911557688,"B35:01"
"MixMHCpred",0.5,2,"B35:01"
"netMHC_affinity",0.5,2,"B35:01"
"netMHCpan_EL_affinity",0.5,2,"B35:01"
"netstab_affinity",0.5,2,"B35:01"
"pickpocket_affinity",0.5,0.425625189808507,"B35:01"
"mhcflurry_affinity_percentile",0.5,2,"B35:03"
"mhcflurry_presentation_score",0.5,0.180457911557688,"B35:03"
"MixMHCpred",0.5,2,"B35:03"
"netMHC_affinity",0.5,2,"B35:03"
"netMHCpan_EL_affinity",0.5,2,"B35:03"
"netstab_affinity",0.5,2,"B35:03"
"pickpocket_affinity",0.5,0.425625189808507,"B35:03"
"mhcflurry_affinity_percentile",0.5,2,"B37:01"
"mhcflurry_presentation_score",0.5,0.180457911557688,"B37:01"
"MixMHCpred",0.5,2,"B37:01"
"netMHC_affinity",0.5,2,"B37:01"
"netMHCpan_EL_affinity",0.5,2,"B37:01"
"netstab_affinity",0.5,2,"B37:01"
"pickpocket_affinity",0.5,0.425625189808507,"B37:01"
"mhcflurry_affinity_percentile",0.5,2,"B38:01"
"mhcflurry_presentation_score",0.5,0.180457911557688,"B38:01"
"MixMHCpred",0.5,2,"B38:01"
"netMHC_affinity",0.5,2,"B38:01"
"netMHCpan_EL_affinity",0.5,2,"B38:01"
"netstab_affinity",0.5,2,"B38:01"
"pickpocket_affinity",0.5,0.425625189808507,"B38:01"
"mhcflurry_affinity_percentile",0.5,2,"B40:01"
"mhcflurry_presentation_score",0.5,0.180457911557688,"B40:01"
"MixMHCpred",0.5,2,"B40:01"
"netMHC_affinity",0.5,2,"B40:01"
"netMHCpan_EL_affinity",0.5,2,"B40:01"
"netstab_affinity",0.5,2,"B40:01"
"pickpocket_affinity",0.5,0.425625189808507,"B40:01"
"mhcflurry_affinity_percentile",0.5,2,"B40:02"
"mhcflurry_presentation_score",0.5,0.180457911557688,"B40:02"
"MixMHCpred",0.5,2,"B40:02"
"netMHC_affinity",0.5,2,"B40:02"
"netMHCpan_EL_affinity",0.5,2,"B40:02"
"netstab_affinity",0.5,2,"B40:02"
"pickpocket_affinity",0.5,0.425625189808507,"B40:02"
"mhcflurry_affinity_percentile",0.5,2,"B44:02"
"mhcflurry_presentation_score",0.5,0.180457911557688,"B44:02"
"MixMHCpred",0.5,2,"B44:02"
"netMHC_affinity",0.5,2,"B44:02"
"netMHCpan_EL_affinity",0.5,2,"B44:02"
"netstab_affinity",0.5,2,"B44:02"
"pickpocket_affinity",0.5,0.425625189808507,"B44:02"
"mhcflurry_affinity_percentile",0.5,2,"B44:03"
"mhcflurry_presentation_score",0.5,0.180457911557688,"B44:03"
"MixMHCpred",0.5,2,"B44:03"
"netMHC_affinity",0.5,2,"B44:03"
"netMHCpan_EL_affinity",0.5,2,"B44:03"
"netstab_affinity",0.5,2,"B44:03"
"pickpocket_affinity",0.5,0.425625189808507,"B44:03"
"mhcflurry_affinity_percentile",0.5,2,"B45:01"
"mhcflurry_presentation_score",0.5,0.180457911557688,"B45:01"
"MixMHCpred",0.5,2,"B45:01"
"netMHC_affinity",0.5,2,"B45:01"
"netMHCpan_EL_affinity",0.5,2,"B45:01"
"netstab_affinity",0.5,2,"B45:01"
"pickpocket_affinity",0.5,0.425625189808507,"B45:01"
"mhcflurry_affinity_percentile",0.5,2,"B46:01"
"mhcflurry_presentation_score",0.5,0.180457911557688,"B46:01"
"MixMHCpred",0.5,2,"B46:01"
"netMHC_affinity",0.5,2,"B46:01"
"netMHCpan_EL_affinity",0.5,2,"B46:01"
"netstab_affinity",0.5,2,"B46:01"
"pickpocket_affinity",0.5,0.425625189808507,"B46:01"
"mhcflurry_affinity_percentile",0.5,2,"B51:01"
"mhcflurry_presentation_score",0.5,0.180457911557688,"B51:01"
"MixMHCpred",0.5,2,"B51:01"
"netMHC_affinity",0.5,2,"B51:01"
"netMHCpan_EL_affinity",0.5,2,"B51:01"
"netstab_affinity",0.5,2,"B51:01"
"pickpocket_affinity",0.5,0.425625189808507,"B51:01"
"mhcflurry_affinity_percentile",0.5,2,"B53:01"
"mhcflurry_presentation_score",0.5,0.180457911557688,"B53:01"
"MixMHCpred",0.5,2,"B53:01"
"netMHC_affinity",0.5,2,"B53:01"
"netMHCpan_EL_affinity",0.5,2,"B53:01"
"netstab_affinity",0.5,2,"B53:01"
"pickpocket_affinity",0.5,0.425625189808507,"B53:01"
"mhcflurry_affinity_percentile",0.5,2,"B54:01"
"mhcflurry_presentation_score",0.5,0.180457911557688,"B54:01"
"MixMHCpred",0.5,2,"B54:01"
"netMHC_affinity",0.5,2,"B54:01"
"netMHCpan_EL_affinity",0.5,2,"B54:01"
"netstab_affinity",0.5,2,"B54:01"
"pickpocket_affinity",0.5,0.425625189808507,"B54:01"
"mhcflurry_affinity_percentile",0.5,2,"B57:01"
"mhcflurry_presentation_score",0.5,0.180457911557688,"B57:01"
"MixMHCpred",0.5,2,"B57:01"
"netMHC_affinity",0.5,2,"B57:01"
"netMHCpan_EL_affinity",0.5,2,"B57:01"
"netstab_affinity",0.5,2,"B57:01"
"pickpocket_affinity",0.5,0.425625189808507,"B57:01"
"mhcflurry_affinity_percentile",0.5,2,"C03:03"
"mhcflurry_presentation_score",0.5,0.180457911557688,"C03:03"
"MixMHCpred",0.5,2,"C03:03"
"netMHC_affinity",0.5,2,"C03:03"
"netMHCpan_EL_affinity",0.5,2,"C03:03"
"netstab_affinity",0.5,2,"C03:03"
"pickpocket_affinity",0.5,0.425625189808507,"C03:03"
"mhcflurry_affinity_percentile",0.5,2,"C04:01"
"mhcflurry_presentation_score",0.5,0.180457911557688,"C04:01"
"MixMHCpred",0.5,2,"C04:01"
"netMHC_affinity",0.5,2,"C04:01"
"netMHCpan_EL_affinity",0.5,2,"C04:01"
"netstab_affinity",0.5,2,"C04:01"
"pickpocket_affinity",0.5,0.425625189808507,"C04:01"
"mhcflurry_affinity_percentile",0.5,2,"C05:01"
"mhcflurry_presentation_score",0.5,0.180457911557688,"C05:01"
"MixMHCpred",0.5,2,"C05:01"
"netMHC_affinity",0.5,2,"C05:01"
"netMHCpan_EL_affinity",0.5,2,"C05:01"
"netstab_affinity",0.5,2,"C05:01"
"pickpocket_affinity",0.5,0.425625189808507,"C05:01"
"mhcflurry_affinity_percentile",0.5,2,"C06:02"
"mhcflurry_presentation_score",0.5,0.180457911557688,"C06:02"
"MixMHCpred",0.5,2,"C06:02"
"netMHC_affinity",0.5,2,"C06:02"
"netMHCpan_EL_affinity",0.5,2,"C06:02"
"netstab_affinity",0.5,2,"C06:02"
"pickpocket_affinity",0.5,0.425625189808507,"C06:02"
"mhcflurry_affinity_percentile",0.5,2,"C07:01"
"mhcflurry_presentation_score",0.5,0.180457911557688,"C07:01"
"MixMHCpred",0.5,2,"C07:01"
"netMHC_affinity",0.5,2,"C07:01"
"netMHCpan_EL_affinity",0.5,2,"C07:01"
"netstab_affinity",0.5,2,"C07:01"
"pickpocket_affinity",0.5,0.425625189808507,"C07:01"
"mhcflurry_affinity_percentile",0.5,2,"C07:02"
"mhcflurry_presentation_score",0.5,0.180457911557688,"C07:02"
"MixMHCpred",0.5,2,"C07:02"
"netMHC_affinity",0.5,2,"C07:02"
"netMHCpan_EL_affinity",0.5,2,"C07:02"
"netstab_affinity",0.5,2,"C07:02"
"pickpocket_affinity",0.5,0.425625189808507,"C07:02"
"mhcflurry_affinity_percentile",0.5,2,"C12:03"
"mhcflurry_presentation_score",0.5,0.180457911557688,"C12:03"
"MixMHCpred",0.5,2,"C12:03"
"netMHC_affinity",0.5,2,"C12:03"
"netMHCpan_EL_affinity",0.5,2,"C12:03"
"netstab_affinity",0.5,2,"C12:03"
"pickpocket_affinity",0.5,0.425625189808507,"C12:03"
"mhcflurry_affinity_percentile",0.5,2,"C14:02"
"mhcflurry_presentation_score",0.5,0.180457911557688,"C14:02"
"MixMHCpred",0.5,2,"C14:02"
"netMHC_affinity",0.5,2,"C14:02"
"netMHCpan_EL_affinity",0.5,2,"C14:02"
"netstab_affinity",0.5,2,"C14:02"
"pickpocket_affinity",0.5,0.425625189808507,"C14:02"
"mhcflurry_affinity_percentile",0.5,2,"C15:02"
"mhcflurry_presentation_score",0.5,0.180457911557688,"C15:02"
"MixMHCpred",0.5,2,"C15:02"
"netMHC_affinity",0.5,2,"C15:02"
"netMHCpan_EL_affinity",0.5,2,"C15:02"
"netstab_affinity",0.5,2,"C15:02"
"pickpocket_affinity",0.5,0.425625189808507,"C15:02"
